{
  "$schema": "http://json-schema.org/draft-07/schema#",
  "$id": "https://puremourning.github.io/vimspector/schema/vimspector.schema.json",
  "definitions": {
    "variables": {
      "description": "A mapping of name/value pairs to set variables to be used elsewhere in the definition, or a list of such mappings.",
      "properties": {
        "variables": {
          "oneOf": [
            { "$ref": "#/definitions/variables-mapping" },
            { "$ref": "#/definitions/variables-list" }
          ]
        }
      }
    },
    "variables-list": {
      "type": "array",
      "description": "A list of variable mappings. This can be useful where variable definitions rely on each other. By using a list, you can control the sequence in which variables are defined.",
      "items": { "$ref": "#/definitions/variables-mapping" }
    },
    "variables-mapping": {
      "type": "object",
      "additionalProperties": {
        "oneOf": [
          { "type": "string" },
          {
            "type": "object",
            "required": [ "shell" ],
            "properties": {
              "shell": {
                "type": [ "array", "string" ],
                "description": "Command to run. If it's a string, it's split using Python's shelex splitting. Can contain other variable references."
              },
              "cwd": { "type": "string" },
              "env": { "type": "object" }
            }
          }
        ]
      }
    },
    "adapter-launchattach": {
      "properties": {
        "launch": {
          "allOf": [
            { "$ref": "#/definitions/adapter-remote" },
            {
              "properties": {
                "delay": {
                  "type": "string",
                  "description": "A time in the format understood by :help :sleep to wait after running the attachCommand(s)"
                }
              }
            }
          ]
        },
        "attach": {
          "allOf": [
            { "$ref": "#/definitions/adapter-remote" },
            {
              "type": "object",
              "required": [ "pidSelect" ],
              "properties": {
                "pidSelect": {
                  "enum": [ "ask", "none" ]
                },
                "pidProperty": {
                  "type": "string",
                  "description": "The launch config property which the PID should be injected into. Required when 'pidSelect' is 'ask'."
                },
                "delay": {
                  "type": "string",
                  "description": "A time in the format understood by :help :sleep to wait after running the attachCommand(s)"
                }
              }
            }
          ]
        }
      }
    },
    "adapter-remote": {
      "type": "object",
      "properties": {
        "remote": {
          "type": "object",
          "description": "Configures how Vimspector will marshal remote debugging requests. When remote debugging, Vimspector will either ssh to 'account'@'host', docker exec -it to 'container' or work locally and run 'pidCommand', 'attachCommands', 'runCommands', etc. based on the 'remote-command' option in the debug configuration. If 'remote-command' is 'launch', it runs 'runCommand(s)', otherwise (it's 'attach') vimspector runs 'pidCommand', followed by 'attachCommand(s)'.Then it starts up the debug adapter with the debug configuration as normal. Usually this is configured with an 'attach' request (whether we remotely 'launched' or not). Once the initialization exchange is complete, Vimspector runs the optional 'initCompleteCommand' which can be used to force the application to break, e.g. by sending it SIGINT. This is required on some platforms which have buggy gdbservers (for example)",
          "allOf": [
            {
              "anyOf": [
                {
                  "oneOf": [
                    { "required": [ "host" ] },
                    { "required": [ "container" ] }
                  ]
                },
                {
                  "not": {
                    "required": [ "host", "container" ]
                  }
                }
              ]
            },
            {
              "properties": {
                "account": {
                  "type": "string",
                  "description": "Remote account name used when ssh'ing. Defaults to the current user account."
                },
                "host": {
                  "type": "string",
                  "description": "Name of the remote host to connect to (via passwordless SSH or with e.g. sshpass if ssh['cmd'] specified)."
                },
                "container": {
                  "type": "string",
                  "description": "Name or container id of the docker run container to connect to (via docker exec). Note the container must already be running (Vimspector will not start it) and it must have the port forwarded to the host if subsequently connecting via a port (for example <tt>docker run -p 8765:8765 -it simple_python</tt>)."
                },
                "ssh": {
                  "type": "object",
                  "description": "Optional to customize the ssh client and its arguments to execute for remote-launch or remote-attach.",
                  "properties": {
                    "cmd": {
                      "type": "array",
                      "items": { "type": "string" },
                      "description": "Command to execute SSH client."
                    },
                    "args": {
                      "type": "array",
                      "items": { "type": "string" },
                      "description": "SSH client command arguments."
                    }
                  }
                }
              }
            },
            {
              "oneOf": [
                {
                  "allOf": [
                    {
                      "oneOf": [
                        { "required": [ "attachCommand" ] },
                        { "required": [ "attachCommands" ] }
                      ]
                    },
                    {
                      "properties": {
                        "initCompleteCommand": {
                          "type": "array",
                          "items": { "type": "string" },
                          "description": "For remote-attach. Remote command to execute after initialization of the debug adapter. Can be used to work around buggy attach behaviour on certain platforms (advanced usage). Can contain the special token %PID% which is replaced with the PID returned by 'pidCommand'"
                        },
                        "pidCommand": {
                          "type": "array",
                          "items": { "type": "string" },
                          "description": "Required for remote-attach. Remote command to execute to return the PID to attach to."
                        },
                        "attachCommands": {
                          "type": [ "array" ],
                          "items": { "type": "array", "items": { "type": "string" } },
                          "description": "For remote-attach. List of commands to execute remotely to set up the attach. Can contain the special token %PID% which is replaced with the PID returned by the remote 'pidCommand'."
                        },
                        "attachCommand": {
                          "type": "array",
                          "items": { "type": "string" },
                          "description": "A single command to execute for remote-attach. Like attachCommands but for a single command. If attachCommands is supplied, this is not used."
                        }
                      }
                    }
                  ]
                },
                {
                  "allOf": [
                    {
                      "oneOf": [
                        { "required": [ "runCommand" ] },
                        { "required": [ "runCommands" ] }
                      ]
                    },
                    {
                      "properties": {
                        "runCommands": {
                          "type": [ "array" ],
                          "items": { "type": "array", "items": { "type": "string" } },
                          "description": "For remote-launch. List of commands to execute remotely to set up the launch. An entry in the array can be the special token '%CMD%' which is replaced with the evaluated 'remote-cmdLine' value in the debug configuration. This is useful to parameterize launcging remotely under something like gdbserver."
                        },
                        "runCommand": {
                          "type": "array",
                          "items": { "type": "string" },
                          "description": "A single command to execute for remote-launch. Like runCommands but for a single command."
                        }
                      }
                    }
                  ]
                }
              ]
            }
          ]
        }
      }
    },
    "adapter": {
      "allOf": [
        { "type": "object" },
        { "$ref": "#/definitions/variables" },
        {
          "properties": {
            "name": {
              "type": "string",
              "description": "Passed to the adapter in the initialization request. Some adapters are particularly picky about what value goes here. Usually it can be omitted and Vimspector will send a generic value"
            },
            "configuration": {
              "type": "object",
              "description": "Base debug configuration. Can be used to set default values for all debug configurations. When reading individual debug configurations from 'configurations', those configurations are merged with this object. Definitions in the debug configuration override anything in this object. Typical usage for this is to set the 'type' parameter, which some debug adapters are very picky about, or to set e.g. the path to an underlying debugger."
            }
          }
        },
        { "$ref": "#/definitions/adapter-launchattach" },
        {
          "anyOf": [
            { "required": [ "command" ] },
            { "required": [ "port" ] },
            {
              "required": [ "command", "port" ],
              "properties": {
                "tty": {
                  "type": "boolean",
                  "description": "Set to True to launch 'command' in a terminal. Only valid when both 'command' and 'port' are supplied."
                }
              }
            },
            { "required": [ "extends" ] }
          ]
        },
        {
          "properties": {
            "host": {
              "type": "string",
              "default": "127.0.0.1",
              "description": "Connect to this host in multi-session mode"
            },
            "port": {
              "oneOf": [
                { "type": "string" },
                { "type": "integer" }
              ],
              "description": "If supplied, indicates that a socket connection should be made to this port on 'host'. If the value is 'ask', then the user is asked to enter the port number to connect to."
            },
            "extends": {
              "type": "string",
              "description": "Name of another adapter from which to inherit all properties"
            },
            "sync_timeout": {
              "type": "number",
              "description": "Timeout for synchronous requests to the adapter (in ms). Default is 5000"
            },
            "async_timeout": {
              "type": "number",
              "description": "Timeout for asynchronous requests to the adapter (in ms). Default is 15000"
            },
            "cwd": {
              "type": "string",
              "description": "Directory in which to start the adapter"
            }
          }
        }
      ]
    }
  },
  "type": "object",
  "required": [ "configurations" ],
  "properties": {
    "adapters": {
      "type": "object",
      "additionalProperties": { "$ref": "#/definitions/adapter" }
    },
    "configurations": {
      "type": "object",
      "additionalProperties": {
        "allOf": [
          { "$ref": "#/definitions/variables" },
          {
            "oneOf": [
              { "required": [ "adapter", "configuration" ] },
              { "required": [ "extends" ] }
            ]
          },
          {
            "type": "object",
            "properties": {
              "adapter": {
                "description": "Adapter configuration to use for this debug session",
                "oneOf": [
                  { "$ref": "#/definitions/adapter" },
                  {
                    "type": "string",
                    "description": "Name of an adapter in the 'adapters' mapping"
                  }
                ]
              },
              "extends": {
                "type": "string",
                "description": "Name of another configuration to inherit properties from."
              },
              "remote-request": {
                "enum": [ "launch", "attach" ],
                "description": "When the 'remote' block is defined in the adapter configuration, this can be used to override the actual action taken (remotely). Usually the actual 'configuration' will contain 'request' of 'attach', but in order to remotely 'launch' the process (e.g. under gdbserver or equivalent), use remote-attach set to 'launch'"
              },
              "remote-cmdLine": {
                "type": [ "string", "array" ],
                "description": "Defines the value of the special token %CMD% in remote-launch 'runCommand(s)'. The value is inserted into the command line where an entry matching '%CMD%' is found in 'runCommand(s)' command array."
              },
              "default": {
                "type": "boolean",
                "description": "When true, this configuration is picked by default"
              },
              "autoselect": {
                "type": "boolean",
                "description": "When false, this configuration is _never_ picked by default"
              },
              "filetypes": {
                "type": "array",
                "description": "List of Vim filetypes that this configuration applies to. The configuration is only used if one of the current filetypes appears in this list, or if this list is not supplied,"
              },
              "cwd": {
                "type": "string",
                "description": "Directory in which to start the adapter; overrides any set on the adapter. Does not necessarily affect the cwd of the debuggee, only the debug adapter."
              },
              "configuration": {
                "type": "object",
                "required": [ "request" ],
                "properties": {
                  "request": {
                    "enum": [ "launch", "attach" ],
                    "description": "Type of session - launch process or attach to process"
                  }
                },
                "additionalProperties": {
                  "description": "Additional properties are passed to the debug adapter in the 'launch' or 'attach' request and are specific to the debug adapter."
                }
              },
              "breakpoints": {
                "type": "object",
                "properties": {
                  "exception": {
                    "type": "object",
                    "description": "Exception breakpoints configuration, mapping the server's exception filter to enabled/disable/default flag",
                    "additionalProperties": {
                      "oneOf": [
                        {
                          "type": "boolean",
                          "description": "true = enable, false = disable"
                        },
                        {
                          "type": "string",
                          "enum": [ "Y", "N", "" ],
                          "description": "Y = enable, N = disable, '' = default"
                        }
                      ]
                    }
                  }
                }
              }
            }
          }
        ]
      }
    }
  }
}
